username,password
azm_test_001@staging.invalid,SandboxPass!001
azm_test_002@staging.invalid,SandboxPass!002
azm_test_003@staging.invalid,SandboxPass!003
azm_test_004@staging.invalid,SandboxPass!004
azm_test_005@staging.invalid,SandboxPass!005
azm_test_006@staging.invalid,SandboxPass!006
azm_test_007@staging.invalid,SandboxPass!007
azm_test_008@staging.invalid,SandboxPass!008
azm_test_009@staging.invalid,SandboxPass!009
azm_test_010@staging.invalid,SandboxPass!010
azm_test_011@staging.invalid,SandboxPass!011
azm_test_012@staging.invalid,SandboxPass!012
azm_test_013@staging.invalid,SandboxPass!013
azm_test_014@staging.invalid,SandboxPass!014
azm_test_015@staging.invalid,SandboxPass!015
azm_test_016@staging.invalid,SandboxPass!016
azm_test_017@staging.invalid,SandboxPass!017
azm_test_018@staging.invalid,SandboxPass!018
azm_test_019@staging.invalid,SandboxPass!019
azm_test_020@staging.invalid,SandboxPass!020
azm_test_021@staging.invalid,SandboxPass!021
azm_test_022@staging.invalid,SandboxPass!022
azm_test_023@staging.invalid,SandboxPass!023
azm_test_024@staging.invalid,SandboxPass!024
azm_test_025@staging.invalid,SandboxPass!025
azm_test_026@staging.invalid,SandboxPass!026
azm_test_027@staging.invalid,SandboxPass!027
azm_test_028@staging.invalid,SandboxPass!028
azm_test_029@staging.invalid,SandboxPass!029
azm_test_030@staging.invalid,SandboxPass!030
azm_test_031@staging.invalid,SandboxPass!031
azm_test_032@staging.invalid,SandboxPass!032
azm_test_033@staging.invalid,SandboxPass!033
azm_test_034@staging.invalid,SandboxPass!034
azm_test_035@staging.invalid,SandboxPass!035
azm_test_036@staging.invalid,SandboxPass!036
azm_test_037@staging.invalid,SandboxPass!037
azm_test_038@staging.invalid,SandboxPass!038
azm_test_039@staging.invalid,SandboxPass!039
azm_test_040@staging.invalid,SandboxPass!040
azm_test_041@staging.invalid,SandboxPass!041
azm_test_042@staging.invalid,SandboxPass!042
azm_test_043@staging.invalid,SandboxPass!043
azm_test_044@staging.invalid,SandboxPass!044
azm_test_045@staging.invalid,SandboxPass!045
azm_test_046@staging.invalid,SandboxPass!046
azm_test_047@staging.invalid,SandboxPass!047
azm_test_048@staging.invalid,SandboxPass!048
azm_test_049@staging.invalid,SandboxPass!049
azm_test_050@staging.invalid,SandboxPass!050
azm_test_051@staging.invalid,SandboxPass!051
azm_test_052@staging.invalid,SandboxPass!052
azm_test_053@staging.invalid,SandboxPass!053
azm_test_054@staging.invalid,SandboxPass!054
azm_test_055@staging.invalid,SandboxPass!055
azm_test_056@staging.invalid,SandboxPass!056
azm_test_057@staging.invalid,SandboxPass!057
azm_test_058@staging.invalid,SandboxPass!058
azm_test_059@staging.invalid,SandboxPass!059
azm_test_060@staging.invalid,SandboxPass!060
azm_test_061@staging.invalid,SandboxPass!061
azm_test_062@staging.invalid,SandboxPass!062
azm_test_063@staging.invalid,SandboxPass!063
azm_test_064@staging.invalid,SandboxPass!064
azm_test_065@staging.invalid,SandboxPass!065
azm_test_066@staging.invalid,SandboxPass!066
azm_test_067@staging.invalid,SandboxPass!067
azm_test_068@staging.invalid,SandboxPass!068
azm_test_069@staging.invalid,SandboxPass!069
azm_test_070@staging.invalid,SandboxPass!070
azm_test_071@staging.invalid,SandboxPass!071
azm_test_072@staging.invalid,SandboxPass!072
azm_test_073@staging.invalid,SandboxPass!073
azm_test_074@staging.invalid,SandboxPass!074
azm_test_075@staging.invalid,SandboxPass!075
azm_test_076@staging.invalid,SandboxPass!076
azm_test_077@staging.invalid,SandboxPass!077
azm_test_078@staging.invalid,SandboxPass!078
azm_test_079@staging.invalid,SandboxPass!079
azm_test_080@staging.invalid,SandboxPass!080
azm_test_081@staging.invalid,SandboxPass!081
azm_test_082@staging.invalid,SandboxPass!082
azm_test_083@staging.invalid,SandboxPass!083
azm_test_084@staging.invalid,SandboxPass!084
azm_test_085@staging.invalid,SandboxPass!085
azm_test_086@staging.invalid,SandboxPass!086
azm_test_087@staging.invalid,SandboxPass!087
azm_test_088@staging.invalid,SandboxPass!088
azm_test_089@staging.invalid,SandboxPass!089
azm_test_090@staging.invalid,SandboxPass!090
azm_test_091@staging.invalid,SandboxPass!091
azm_test_092@staging.invalid,SandboxPass!092
azm_test_093@staging.invalid,SandboxPass!093
azm_test_094@staging.invalid,SandboxPass!094
azm_test_095@staging.invalid,SandboxPass!095
azm_test_096@staging.invalid,SandboxPass!096
azm_test_097@staging.invalid,SandboxPass!097
azm_test_098@staging.invalid,SandboxPass!098
azm_test_099@staging.invalid,SandboxPass!099
azm_test_100@staging.invalid,SandboxPass!100
azm_test_101@staging.invalid,SandboxPass!101
azm_test_102@staging.invalid,SandboxPass!102
azm_test_103@staging.invalid,SandboxPass!103
azm_test_104@staging.invalid,SandboxPass!104
azm_test_105@staging.invalid,SandboxPass!105
azm_test_106@staging.invalid,SandboxPass!106
azm_test_107@staging.invalid,SandboxPass!107
azm_test_108@staging.invalid,SandboxPass!108
azm_test_109@staging.invalid,SandboxPass!109
azm_test_110@staging.invalid,SandboxPass!110
azm_test_111@staging.invalid,SandboxPass!111
azm_test_112@staging.invalid,SandboxPass!112
azm_test_113@staging.invalid,SandboxPass!113
azm_test_114@staging.invalid,SandboxPass!114
azm_test_115@staging.invalid,SandboxPass!115
azm_test_116@staging.invalid,SandboxPass!116
azm_test_117@staging.invalid,SandboxPass!117
azm_test_118@staging.invalid,SandboxPass!118
azm_test_119@staging.invalid,SandboxPass!119
azm_test_120@staging.invalid,SandboxPass!120
